source,target
#hortonandwellington,#knife
#crime,#knife
#crime,#hortonandwellington
#crime,#sadiq
#knife,#sadiq
#khan,#sadiq
#crime,#knife
#crime,#khan
#khan,#knife
#knifecrime,#london
#knifecrime,#london
#crime,#london
#khaned,#knifecrime
#knifecrime,#london
#knifecrime,#stopandsearch
#khaned,#london
#khaned,#stopandsearch
#london,#stopandsearch
#khanage,#knifecrime
#knifecrime,#stopandsearch
#knifecrime,#stop
#khanage,#stopandsearch
#khanage,#stop
#stop,#stopandsearch
#knifecr,#speakerscorner
#charliehebdo,#knifecr
#charliehebdo,#speakerscorner
#knifecrime,#london
#drugs,#knifecrime
#knifecrime,#talkradio
#drugs,#london
#london,#talkradio
#drugs,#talkradio
#knifecrime,#london
#khanage,#knifecrime
#knifecrime,#stopandsearch
#knifecrime,#stop
#khanage,#stopandsearch
#khanage,#stop
#stop,#stopandsearch
#knifecrime,#london
#khanage,#knifecrime
#knifecrime,#stopandsearch
#knifecrime,#stop
#khanage,#stopandsearch
#khanage,#stop
#stop,#stopandsearch
#knifecr,#speakerscorner
#charliehebdo,#knifecr
#charliehebdo,#speakerscorner
#knifecrime,#london
#knifecrime,#london
#knifecr,#speakerscorner
#charliehebdo,#knifecr
#charliehebdo,#speakerscorner
#knifecr,#speakerscorner
#charliehebdo,#knifecr
#charliehebdo,#speakerscorner
#knifecrime,#london
#knifecr,#speakerscorner
#charliehebdo,#knifecr
#charliehebdo,#speakerscorner
#knifecr,#speakerscorner
#charliehebdo,#knifecr
#charliehebdo,#speakerscorner
#knifecr,#speakerscorner
#charliehebdo,#knifecr
#charliehebdo,#speakerscorner
#khanage,#knifecrime
#knifecrime,#stopandsearch
#knifecrime,#stop
#khanage,#stopandsearch
#khanage,#stop
#stop,#stopandsearch
#khanage,#knifecrime
#knifecrime,#stopandsearch
#knifecrime,#stop
#khanage,#stopandsearch
#khanage,#stop
#stop,#stopandsearch
#khanage,#knifecrime
#knifecrime,#stopandsearch
#knifecrime,#stop
#khanage,#stopandsearch
#khanage,#stop
#stop,#stopandsearch
#khanage,#knifecrime
#knifecrime,#stopandsearch
#knifecrime,#stop
#khanage,#stopandsearch
#khanage,#stop
#stop,#stopandsearch
#khanage,#knifecrime
#knifecrime,#stopandsearch
#knifecrime,#stop
#khanage,#stopandsearch
#khanage,#stop
#stop,#stopandsearch
#khanage,#knifecrime
#knifecrime,#stopandsearch
#knifecrime,#stop
#khanage,#stopandsearch
#khanage,#stop
#stop,#stopandsearch
#khanage,#knifecrime
#knifecrime,#stopandsearch
#knifecrime,#stop
#khanage,#stopandsearch
#khanage,#stop
#stop,#stopandsearch
#knifecr,#speakerscorner
#charliehebdo,#knifecr
#charliehebdo,#speakerscorner
#knifecr,#speakerscorner
#charliehebdo,#knifecr
#charliehebdo,#speakerscorner
#knifecrime,#london
#freespeech,#knifecrime
#charliehebdo,#knifecrime
#charliehebdo,#freespeech
#knifecrime,#london
#charliehebdo,#speakerscorner
#freespeech,#knifecrime
#charliehebdo,#knifecrime
#charliehebdo,#freespeech
#charliehebdo,#freespeech
#knifecrime,#london
#knifecrime,#london
#knifecrime,#london
#knifecrime,#london
#knifecrime,#london
#knifecrime,#london
#knifecrime,#london
#knifecrime,#london
#knifecrime,#london
#knifecrime,#london
#knifecrime,#london
#knifecrime,#london
#knifecrime,#london
#knifecrime,#london
#knifecrime,#london
#knifecrime,#london
#knifecrime,#london
#knifecrime,#london
#knifecrime,#london
#knifecrime,#london
#knifecrime,#london
#knifecrime,#london
#knifecrime,#london
#knifecrime,#london
#knifecrime,#london
#knifecrime,#london
#knifecrime,#london
#knifecrime,#london
#knifecrime,#london
#knifecrime,#london
#knifecrime,#london
#knifecrime,#london
#knifecrime,#london
#knifecrime,#london
#knifecrime,#london
#knifecrime,#london
#knifecrime,#london
#knifecrime,#london
#knifecrime,#london
#knifecrime,#london
#knifecrime,#london
#knifecrime,#london
#knifecrime,#london
#knifecrime,#london
#knifecrime,#london
#knifecrime,#london
#knifecrime,#london
#knifecrime,#london
#knifecrime,#london
#knifecrime,#london
#knifecrime,#london
#knifecrime,#london
#knifecrime,#london
#knifecrime,#london
#knifecrime,#london
#knifecrime,#london
#knifecrime,#london
#knifecrime,#london
#knifecrime,#london
#knifecrime,#london
#knifecrime,#london
#knifecrime,#london
#knifecrime,#london
#knifecrime,#london
#knifecrime,#london
#knifecrime,#london
#knifecrime,#london
#knifecrime,#london
#knifecrime,#london
#knifecrime,#london
#knifecrime,#london
#knifecrime,#london
#knifecrime,#london
#knifecrime,#london
#knifecrime,#london
#knifecrime,#london
#knifecrime,#london
#knifecrime,#london
#knifecrime,#london
#knifecrime,#london
#knifecrime,#london
#knifecrime,#london
#knifecrime,#london
#knifecrime,#london
#knifecrime,#london
#knifecrime,#london
#knifecrime,#london
#knifecrime,#london
#knifecrime,#london
#knifecrime,#london
#knifecrime,#london
#knifecrime,#london
#knifecrime,#london
#knifecrime,#london
#knifecrime,#london
#knifecrime,#london
#knifecrime,#london
#knifecrime,#london
#knifecrime,#london
#knifecrime,#london
#knifecrime,#london
#knifecrime,#london
#knifecrime,#london
#knifecrime,#london
#knifecrime,#london
#knifecrime,#london
#knifecrime,#london
#knifecrime,#london
#knifecrime,#london
#knifecrime,#london
#knifecrime,#london
#knifecrime,#london
#knifecrime,#london
#knifecrime,#london
#knifecrime,#london
#knifecrime,#london
#knifecrime,#london
#knifecrime,#london
#knifecrime,#london
#knifecrime,#london
#knifecrime,#london
#knifecrime,#london
#knifecrime,#london
#knifecrime,#london
#knifecrime,#london
#knifecrime,#london
#knifecrime,#london
#knifecrime,#london
#knifecrime,#london
#knifecrime,#london
#knifecrime,#london
#knifecrime,#london
#knifecrime,#london
#knifecrime,#london
#knifecrime,#london
#knifecrime,#london
#knifecrime,#london
#knifecrime,#london
#knifecrime,#london
#knifecrime,#london
#knifecrime,#london
#knifecrime,#london
#knifecrime,#london
#knifecrime,#london
#knifecrime,#london
#knifecrime,#london
#knifecrime,#london
#knifecrime,#london
#knifecrime,#london
#knifecrime,#london
#knifecrime,#london
#knifecrime,#london
#knifecrime,#london
#knifecrime,#london
#knifecrime,#street
#knifecrime,#london
#crime,#knifecrime
#london,#street
#crime,#street
#crime,#london
#crime,#knifecrime
#knifecrime,#murdered
#knifecrime,#mista
#knifecrime,#teenagers
#jeanfoster,#knifecrime
#mista,#murdered
#murdered,#teenagers
#jeanfoster,#murdered
#mista,#teenagers
#jeanfoster,#mista
#jeanfoster,#teenagers
#knifecrime,#violentcrime
#gangcrime,#knifecrime
#knifecrime,#violentcrime
#gangcrime,#violentcrime
#borisjohnson,#crime
#borisjohnson,#crime
#freespeech,#knifecrime
#charliehebdo,#knifecrime
#charliehebdo,#freespeech
#gangcrime,#knifecrime
#knifecrime,#lawandorder
#gangcrime,#lawandorder
#knifecrime,#violentcrime
#guncrime,#knifecrime
#guncrime,#violentcrime
#knifecrime,#london
#knifecrime,#london
#edmonton,#london
#crime,#london
#london,#murder
#enfield,#london
#crime,#edmonton
#edmonton,#murder
#edmonton,#enfield
#crime,#murder
#crime,#enfield
#enfield,#murder
#assault,#crime
#policecuts,#stopandsearch
#austerity,#policecuts
#borisjohnson,#policecuts
#policecuts,#racism
#beatingcrimeplan,#policecuts
#austerity,#stopandsearch
#borisjohnson,#stopandsearch
#racism,#stopandsearch
#beatingcrimeplan,#stopandsearch
#austerity,#borisjohnson
#austerity,#racism
#austerity,#beatingcrimeplan
#borisjohnson,#racism
#beatingcrimeplan,#borisjohnson
#beatingcrimeplan,#racism
#policecuts,#stopandsearch
#austerity,#policecuts
#borisjohnson,#policecuts
#policecuts,#racism
#beatingcrimeplan,#policecuts
#austerity,#stopandsearch
#borisjohnson,#stopandsearch
#racism,#stopandsearch
#beatingcrimeplan,#stopandsearch
#austerity,#borisjohnson
#austerity,#racism
#austerity,#beatingcrimeplan
#borisjohnson,#racism
#beatingcrimeplan,#borisjohnson
#beatingcrimeplan,#racism
#police,#policereform
#policecuts,#stopandsearch
#austerity,#policecuts
#borisjohnson,#policecuts
#policecuts,#racism
#beatingcrimeplan,#policecuts
#austerity,#stopandsearch
#borisjohnson,#stopandsearch
#racism,#stopandsearch
#beatingcrimeplan,#stopandsearch
#austerity,#borisjohnson
#austerity,#racism
#austerity,#beatingcrimeplan
#borisjohnson,#racism
#beatingcrimeplan,#borisjohnson
#beatingcrimeplan,#racism
#policecuts,#stopandsearch
#austerity,#policecuts
#borisjohnson,#policecuts
#policecuts,#racism
#beatingcrimeplan,#policecuts
#austerity,#stopandsearch
#borisjohnson,#stopandsearch
#racism,#stopandsearch
#beatingcrimeplan,#stopandsearch
#austerity,#borisjohnson
#austerity,#racism
#austerity,#beatingcrimeplan
#borisjohnson,#racism
#beatingcrimeplan,#borisjohnson
#beatingcrimeplan,#racism
#charges,#horrific
#charges,#huge
#charges,#eunat
#charges,#list
#charges,#crime
#arrests,#charges
#horrific,#huge
#eunat,#horrific
#horrific,#list
#crime,#horrific
#arrests,#horrific
#eunat,#huge
#huge,#list
#crime,#huge
#arrests,#huge
#eunat,#list
#crime,#eunat
#arrests,#eunat
#crime,#list
#arrests,#list
#arrests,#crime
#charges,#horrific
#charges,#huge
#charges,#list
#charges,#crime
#arrests,#charges
#horrific,#huge
#horrific,#list
#crime,#horrific
#arrests,#horrific
#huge,#list
#crime,#huge
#arrests,#huge
#crime,#list
#arrests,#list
#arrests,#crime
#hate,#horrific
#eu,#horrific
#crime,#horrific
#eu,#hate
#crime,#hate
#crime,#eu
#hate,#horrific
#eu,#horrific
#crime,#horrific
#eu,#hate
#crime,#hate
#crime,#eu
#policecuts,#stopandsearch
#austerity,#policecuts
#borisjohnson,#policecuts
#policecuts,#racism
#beatingcrimeplan,#policecuts
#austerity,#stopandsearch
#borisjohnson,#stopandsearch
#racism,#stopandsearch
#beatingcrimeplan,#stopandsearch
#austerity,#borisjohnson
#austerity,#racism
#austerity,#beatingcrimeplan
#borisjohnson,#racism
#beatingcrimeplan,#borisjohnson
#beatingcrimeplan,#racism
#policecuts,#stopandsearch
#austerity,#policecuts
#borisjohnson,#policecuts
#policecuts,#racism
#beatingcrimeplan,#policecuts
#austerity,#stopandsearch
#borisjohnson,#stopandsearch
#racism,#stopandsearch
#beatingcrimeplan,#stopandsearch
#austerity,#borisjohnson
#austerity,#racism
#austerity,#beatingcrimeplan
#borisjohnson,#racism
#beatingcrimeplan,#borisjohnson
#beatingcrimeplan,#racism
#policecuts,#stopandsearch
#austerity,#policecuts
#borisjohnson,#policecuts
#policecuts,#racism
#beatingcrimeplan,#policecuts
#austerity,#stopandsearch
#borisjohnson,#stopandsearch
#racism,#stopandsearch
#beatingcrimeplan,#stopandsearch
#austerity,#borisjohnson
#austerity,#racism
#austerity,#beatingcrimeplan
#borisjohnson,#racism
#beatingcrimeplan,#borisjohnson
#beatingcrimeplan,#racism
#policecuts,#stopandsearch
#austerity,#policecuts
#borisjohnson,#policecuts
#policecuts,#racism
#beatingcrimeplan,#policecuts
#austerity,#stopandsearch
#borisjohnson,#stopandsearch
#racism,#stopandsearch
#beatingcrimeplan,#stopandsearch
#austerity,#borisjohnson
#austerity,#racism
#austerity,#beatingcrimeplan
#borisjohnson,#racism
#beatingcrimeplan,#borisjohnson
#beatingcrimeplan,#racism
#policecuts,#stopandsearch
#austerity,#policecuts
#borisjohnson,#policecuts
#policecuts,#racism
#beatingcrimeplan,#policecuts
#austerity,#stopandsearch
#borisjohnson,#stopandsearch
#racism,#stopandsearch
#beatingcrimeplan,#stopandsearch
#austerity,#borisjohnson
#austerity,#racism
#austerity,#beatingcrimeplan
#borisjohnson,#racism
#beatingcrimeplan,#borisjohnson
#beatingcrimeplan,#racism
#policecuts,#stopandsearch
#austerity,#policecuts
#borisjohnson,#policecuts
#policecuts,#racism
#beatingcrimeplan,#policecuts
#austerity,#stopandsearch
#borisjohnson,#stopandsearch
#racism,#stopandsearch
#beatingcrimeplan,#stopandsearch
#austerity,#borisjohnson
#austerity,#racism
#austerity,#beatingcrimeplan
#borisjohnson,#racism
#beatingcrimeplan,#borisjohnson
#beatingcrimeplan,#racism
#gangster,#villain
#gangster,#london
#gangster,#judaspig
#crime,#gangster
#eastlondon,#gangster
#london,#villain
#judaspig,#villain
#crime,#villain
#eastlondon,#villain
#judaspig,#london
#crime,#london
#eastlondon,#london
#crime,#judaspig
#eastlondon,#judaspig
#crime,#eastlondon
#policecuts,#stopandsearch
#austerity,#policecuts
#borisjohnson,#policecuts
#policecuts,#racism
#beatingcrimeplan,#policecuts
#austerity,#stopandsearch
#borisjohnson,#stopandsearch
#racism,#stopandsearch
#beatingcrimeplan,#stopandsearch
#austerity,#borisjohnson
#austerity,#racism
#austerity,#beatingcrimeplan
#borisjohnson,#racism
#beatingcrimeplan,#borisjohnson
#beatingcrimeplan,#racism
#policecuts,#stopandsearch
#austerity,#policecuts
#borisjohnson,#policecuts
#policecuts,#racism
#beatingcrimeplan,#policecuts
#austerity,#stopandsearch
#borisjohnson,#stopandsearch
#racism,#stopandsearch
#beatingcrimeplan,#stopandsearch
#austerity,#borisjohnson
#austerity,#racism
#austerity,#beatingcrimeplan
#borisjohnson,#racism
#beatingcrimeplan,#borisjohnson
#beatingcrimeplan,#racism
#dundasandhewitt,#grimsby
#crime,#grimsby
#crime,#dundasandhewitt
#gangster,#villain
#gangster,#london
#gangster,#judaspig
#crime,#gangster
#eastlondon,#gangster
#london,#villain
#judaspig,#villain
#crime,#villain
#eastlondon,#villain
#judaspig,#london
#crime,#london
#eastlondon,#london
#crime,#judaspig
#eastlondon,#judaspig
#crime,#eastlondon
#gangster,#villain
#gangster,#london
#gangster,#judaspig
#crime,#gangster
#eastlondon,#gangster
#london,#villain
#judaspig,#villain
#crime,#villain
#eastlondon,#villain
#judaspig,#london
#crime,#london
#eastlondon,#london
#crime,#judaspig
#eastlondon,#judaspig
#crime,#eastlondon
#gangster,#villain
#gangster,#london
#gangster,#judaspig
#crime,#gangster
#eastlondon,#gangster
#london,#villain
#judaspig,#villain
#crime,#villain
#eastlondon,#villain
#judaspig,#london
#crime,#london
#eastlondon,#london
#crime,#judaspig
#eastlondon,#judaspig
#crime,#eastlondon
#gangster,#villain
#gangster,#london
#gangster,#judaspig
#crime,#gangster
#eastlondon,#gangster
#london,#villain
#judaspig,#villain
#crime,#villain
#eastlondon,#villain
#judaspig,#london
#crime,#london
#eastlondon,#london
#crime,#judaspig
#eastlondon,#judaspig
#crime,#eastlondon
#gangster,#villain
#gangster,#london
#gangster,#judaspig
#crime,#gangster
#eastlondon,#gangster
#london,#villain
#judaspig,#villain
#crime,#villain
#eastlondon,#villain
#judaspig,#london
#crime,#london
#eastlondon,#london
#crime,#judaspig
#eastlondon,#judaspig
#crime,#eastlondon
#gangster,#villain
#gangster,#london
#gangster,#judaspig
#crime,#gangster
#eastlondon,#gangster
#london,#villain
#judaspig,#villain
#crime,#villain
#eastlondon,#villain
#judaspig,#london
#crime,#london
#eastlondon,#london
#crime,#judaspig
#eastlondon,#judaspig
#crime,#eastlondon
#gangster,#villain
#gangster,#london
#gangster,#judaspig
#crime,#gangster
#eastlondon,#gangster
#london,#villain
#judaspig,#villain
#crime,#villain
#eastlondon,#villain
#judaspig,#london
#crime,#london
#eastlondon,#london
#crime,#judaspig
#eastlondon,#judaspig
#crime,#eastlondon
#gangster,#villain
#gangster,#london
#gangster,#judaspig
#crime,#gangster
#eastlondon,#gangster
#london,#villain
#judaspig,#villain
#crime,#villain
#eastlondon,#villain
#judaspig,#london
#crime,#london
#eastlondon,#london
#crime,#judaspig
#eastlondon,#judaspig
#crime,#eastlondon
#labourparty,#workfromhome
#anonymousprotectingchildrens,#labourparty
#hacker,#labourparty
#labourparty,#police
#anonymousprotectingchildrens,#workfromhome
#hacker,#workfromhome
#police,#workfromhome
#anonymousprotectingchildrens,#hacker
#anonymousprotectingchildrens,#police
#hacker,#police
#london,#ontario
#fatal,#ontario
#londonpolice,#ontario
#crime,#ontario
#motorcycle,#ontario
#ems,#ontario
#fatal,#london
#london,#londonpolice
#crime,#london
#london,#motorcycle
#ems,#london
#fatal,#londonpolice
#crime,#fatal
#fatal,#motorcycle
#ems,#fatal
#crime,#londonpolice
#londonpolice,#motorcycle
#ems,#londonpolice
#crime,#motorcycle
#crime,#ems
#ems,#motorcycle
#oakland,#police
#crime,#oakland
#crime,#police
#crime,#heathrow
#hydepark,#stabbed
#london,#stabbed
#brutally,#stabbed
#crime,#stabbed
#police,#stabbed
#hydepark,#london
#brutally,#hydepark
#crime,#hydepark
#hydepark,#police
#brutally,#london
#crime,#london
#london,#police
#brutally,#crime
#brutally,#police
#crime,#police
#hydepark,#stabbed
#london,#stabbed
#brutally,#stabbed
#crime,#stabbed
#police,#stabbed
#hydepark,#london
#brutally,#hydepark
#crime,#hydepark
#hydepark,#police
#brutally,#london
#crime,#london
#london,#police
#brutally,#crime
#brutally,#police
#crime,#police
#hydepark,#stabbed
#london,#stabbed
#brutally,#stabbed
#crime,#stabbed
#police,#stabbed
#hydepark,#london
#brutally,#hydepark
#crime,#hydepark
#hydepark,#police
#brutally,#london
#crime,#london
#london,#police
#brutally,#crime
#brutally,#police
#crime,#police
#hydepark,#stabbed
#london,#stabbed
#brutally,#stabbed
#crime,#stabbed
#police,#stabbed
#hydepark,#london
#brutally,#hydepark
#crime,#hydepark
#hydepark,#police
#brutally,#london
#crime,#london
#london,#police
#brutally,#crime
#brutally,#police
#crime,#police
#hydepark,#stabbed
#london,#stabbed
#brutally,#stabbed
#crime,#stabbed
#police,#stabbed
#hydepark,#london
#brutally,#hydepark
#crime,#hydepark
#hydepark,#police
#brutally,#london
#crime,#london
#london,#police
#brutally,#crime
#brutally,#police
#crime,#police
#fire,#jacquelinestreet
#crime,#fire
#crime,#jacquelinestreet
#crime,#hackneydowns
#feminist,#woman
#covid19,#feminist
#feminist,#metooindia
#feminist,#london
#bournemouth,#feminist
#feminist,#metoo
#feminist,#police
#feminist,#harassment
#crime,#feminist
#feminist,#lawyer
#covid19,#woman
#metooindia,#woman
#london,#woman
#bournemouth,#woman
#metoo,#woman
#police,#woman
#harassment,#woman
#crime,#woman
#lawyer,#woman
#covid19,#metooindia
#covid19,#london
#bournemouth,#covid19
#covid19,#metoo
#covid19,#police
#covid19,#harassment
#covid19,#crime
#covid19,#lawyer
#london,#metooindia
#bournemouth,#metooindia
#metoo,#metooindia
#metooindia,#police
#harassment,#metooindia
#crime,#metooindia
#lawyer,#metooindia
#bournemouth,#london
#london,#metoo
#london,#police
#harassment,#london
#crime,#london
#lawyer,#london
#bournemouth,#metoo
#bournemouth,#police
#bournemouth,#harassment
#bournemouth,#crime
#bournemouth,#lawyer
#metoo,#police
#harassment,#metoo
#crime,#metoo
#lawyer,#metoo
#harassment,#police
#crime,#police
#lawyer,#police
#crime,#harassment
#harassment,#lawyer
#crime,#lawyer
#feminist,#woman
#covid19,#feminist
#feminist,#metooindia
#feminist,#london
#bournemouth,#feminist
#feminist,#metoo
#feminist,#police
#feminist,#harassment
#crime,#feminist
#feminist,#lawyer
#covid19,#woman
#metooindia,#woman
#london,#woman
#bournemouth,#woman
#metoo,#woman
#police,#woman
#harassment,#woman
#crime,#woman
#lawyer,#woman
#covid19,#metooindia
#covid19,#london
#bournemouth,#covid19
#covid19,#metoo
#covid19,#police
#covid19,#harassment
#covid19,#crime
#covid19,#lawyer
#london,#metooindia
#bournemouth,#metooindia
#metoo,#metooindia
#metooindia,#police
#harassment,#metooindia
#crime,#metooindia
#lawyer,#metooindia
#bournemouth,#london
#london,#metoo
#london,#police
#harassment,#london
#crime,#london
#lawyer,#london
#bournemouth,#metoo
#bournemouth,#police
#bournemouth,#harassment
#bournemouth,#crime
#bournemouth,#lawyer
#metoo,#police
#harassment,#metoo
#crime,#metoo
#lawyer,#metoo
#harassment,#police
#crime,#police
#lawyer,#police
#crime,#harassment
#harassment,#lawyer
#crime,#lawyer
#assaultingpolice,#london
#crime,#london
#assaultingpolice,#crime
#caller_idspoofing,#callerid
#caller_idspoofing,#crime
#callerid,#crime
#feminist,#woman
#covid19,#feminist
#feminist,#metooindia
#feminist,#london
#bournemouth,#feminist
#feminist,#metoo
#feminist,#police
#feminist,#harassment
#crime,#feminist
#feminist,#lawyer
#covid19,#woman
#metooindia,#woman
#london,#woman
#bournemouth,#woman
#metoo,#woman
#police,#woman
#harassment,#woman
#crime,#woman
#lawyer,#woman
#covid19,#metooindia
#covid19,#london
#bournemouth,#covid19
#covid19,#metoo
#covid19,#police
#covid19,#harassment
#covid19,#crime
#covid19,#lawyer
#london,#metooindia
#bournemouth,#metooindia
#metoo,#metooindia
#metooindia,#police
#harassment,#metooindia
#crime,#metooindia
#lawyer,#metooindia
#bournemouth,#london
#london,#metoo
#london,#police
#harassment,#london
#crime,#london
#lawyer,#london
#bournemouth,#metoo
#bournemouth,#police
#bournemouth,#harassment
#bournemouth,#crime
#bournemouth,#lawyer
#metoo,#police
#harassment,#metoo
#crime,#metoo
#lawyer,#metoo
#harassment,#police
#crime,#police
#lawyer,#police
#crime,#harassment
#harassment,#lawyer
#crime,#lawyer
#fraud,#insurancebroker
#fraud,#insurance
#crime,#fraud
#insurance,#insurancebroker
#crime,#insurancebroker
#crime,#insurance
#feminist,#woman
#covid19,#feminist
#feminist,#metooindia
#feminist,#london
#bournemouth,#feminist
#feminist,#metoo
#feminist,#police
#feminist,#harassment
#crime,#feminist
#feminist,#lawyer
#covid19,#woman
#metooindia,#woman
#london,#woman
#bournemouth,#woman
#metoo,#woman
#police,#woman
#harassment,#woman
#crime,#woman
#lawyer,#woman
#covid19,#metooindia
#covid19,#london
#bournemouth,#covid19
#covid19,#metoo
#covid19,#police
#covid19,#harassment
#covid19,#crime
#covid19,#lawyer
#london,#metooindia
#bournemouth,#metooindia
#metoo,#metooindia
#metooindia,#police
#harassment,#metooindia
#crime,#metooindia
#lawyer,#metooindia
#bournemouth,#london
#london,#metoo
#london,#police
#harassment,#london
#crime,#london
#lawyer,#london
#bournemouth,#metoo
#bournemouth,#police
#bournemouth,#harassment
#bournemouth,#crime
#bournemouth,#lawyer
#metoo,#police
#harassment,#metoo
#crime,#metoo
#lawyer,#metoo
#harassment,#police
#crime,#police
#lawyer,#police
#crime,#harassment
#harassment,#lawyer
#crime,#lawyer
#feminist,#woman
#covid19,#feminist
#feminist,#metooindia
#feminist,#london
#bournemouth,#feminist
#feminist,#metoo
#feminist,#police
#feminist,#harassment
#crime,#feminist
#feminist,#lawyer
#covid19,#woman
#metooindia,#woman
#london,#woman
#bournemouth,#woman
#metoo,#woman
#police,#woman
#harassment,#woman
#crime,#woman
#lawyer,#woman
#covid19,#metooindia
#covid19,#london
#bournemouth,#covid19
#covid19,#metoo
#covid19,#police
#covid19,#harassment
#covid19,#crime
#covid19,#lawyer
#london,#metooindia
#bournemouth,#metooindia
#metoo,#metooindia
#metooindia,#police
#harassment,#metooindia
#crime,#metooindia
#lawyer,#metooindia
#bournemouth,#london
#london,#metoo
#london,#police
#harassment,#london
#crime,#london
#lawyer,#london
#bournemouth,#metoo
#bournemouth,#police
#bournemouth,#harassment
#bournemouth,#crime
#bournemouth,#lawyer
#metoo,#police
#harassment,#metoo
#crime,#metoo
#lawyer,#metoo
#harassment,#police
#crime,#police
#lawyer,#police
#crime,#harassment
#harassment,#lawyer
#crime,#lawyer
#feminist,#woman
#covid19,#feminist
#feminist,#metooindia
#feminist,#london
#bournemouth,#feminist
#feminist,#metoo
#feminist,#police
#feminist,#harassment
#crime,#feminist
#feminist,#lawyer
#covid19,#woman
#metooindia,#woman
#london,#woman
#bournemouth,#woman
#metoo,#woman
#police,#woman
#harassment,#woman
#crime,#woman
#lawyer,#woman
#covid19,#metooindia
#covid19,#london
#bournemouth,#covid19
#covid19,#metoo
#covid19,#police
#covid19,#harassment
#covid19,#crime
#covid19,#lawyer
#london,#metooindia
#bournemouth,#metooindia
#metoo,#metooindia
#metooindia,#police
#harassment,#metooindia
#crime,#metooindia
#lawyer,#metooindia
#bournemouth,#london
#london,#metoo
#london,#police
#harassment,#london
#crime,#london
#lawyer,#london
#bournemouth,#metoo
#bournemouth,#police
#bournemouth,#harassment
#bournemouth,#crime
#bournemouth,#lawyer
#metoo,#police
#harassment,#metoo
#crime,#metoo
#lawyer,#metoo
#harassment,#police
#crime,#police
#lawyer,#police
#crime,#harassment
#harassment,#lawyer
#crime,#lawyer
#feminist,#woman
#covid19,#feminist
#feminist,#metooindia
#feminist,#london
#bournemouth,#feminist
#feminist,#metoo
#feminist,#police
#feminist,#harassment
#crime,#feminist
#feminist,#lawyer
#covid19,#woman
#metooindia,#woman
#london,#woman
#bournemouth,#woman
#metoo,#woman
#police,#woman
#harassment,#woman
#crime,#woman
#lawyer,#woman
#covid19,#metooindia
#covid19,#london
#bournemouth,#covid19
#covid19,#metoo
#covid19,#police
#covid19,#harassment
#covid19,#crime
#covid19,#lawyer
#london,#metooindia
#bournemouth,#metooindia
#metoo,#metooindia
#metooindia,#police
#harassment,#metooindia
#crime,#metooindia
#lawyer,#metooindia
#bournemouth,#london
#london,#metoo
#london,#police
#harassment,#london
#crime,#london
#lawyer,#london
#bournemouth,#metoo
#bournemouth,#police
#bournemouth,#harassment
#bournemouth,#crime
#bournemouth,#lawyer
#metoo,#police
#harassment,#metoo
#crime,#metoo
#lawyer,#metoo
#harassment,#police
#crime,#police
#lawyer,#police
#crime,#harassment
#harassment,#lawyer
#crime,#lawyer
#feminist,#woman
#covid19,#feminist
#feminist,#metooindia
#feminist,#london
#bournemouth,#feminist
#feminist,#metoo
#feminist,#police
#feminist,#harassment
#crime,#feminist
#feminist,#lawyer
#covid19,#woman
#metooindia,#woman
#london,#woman
#bournemouth,#woman
#metoo,#woman
#police,#woman
#harassment,#woman
#crime,#woman
#lawyer,#woman
#covid19,#metooindia
#covid19,#london
#bournemouth,#covid19
#covid19,#metoo
#covid19,#police
#covid19,#harassment
#covid19,#crime
#covid19,#lawyer
#london,#metooindia
#bournemouth,#metooindia
#metoo,#metooindia
#metooindia,#police
#harassment,#metooindia
#crime,#metooindia
#lawyer,#metooindia
#bournemouth,#london
#london,#metoo
#london,#police
#harassment,#london
#crime,#london
#lawyer,#london
#bournemouth,#metoo
#bournemouth,#police
#bournemouth,#harassment
#bournemouth,#crime
#bournemouth,#lawyer
#metoo,#police
#harassment,#metoo
#crime,#metoo
#lawyer,#metoo
#harassment,#police
#crime,#police
#lawyer,#police
#crime,#harassment
#harassment,#lawyer
#crime,#lawyer
#feminist,#woman
#covid19,#feminist
#feminist,#metooindia
#feminist,#london
#bournemouth,#feminist
#feminist,#metoo
#feminist,#police
#feminist,#harassment
#crime,#feminist
#feminist,#lawyer
#covid19,#woman
#metooindia,#woman
#london,#woman
#bournemouth,#woman
#metoo,#woman
#police,#woman
#harassment,#woman
#crime,#woman
#lawyer,#woman
#covid19,#metooindia
#covid19,#london
#bournemouth,#covid19
#covid19,#metoo
#covid19,#police
#covid19,#harassment
#covid19,#crime
#covid19,#lawyer
#london,#metooindia
#bournemouth,#metooindia
#metoo,#metooindia
#metooindia,#police
#harassment,#metooindia
#crime,#metooindia
#lawyer,#metooindia
#bournemouth,#london
#london,#metoo
#london,#police
#harassment,#london
#crime,#london
#lawyer,#london
#bournemouth,#metoo
#bournemouth,#police
#bournemouth,#harassment
#bournemouth,#crime
#bournemouth,#lawyer
#metoo,#police
#harassment,#metoo
#crime,#metoo
#lawyer,#metoo
#harassment,#police
#crime,#police
#lawyer,#police
#crime,#harassment
#harassment,#lawyer
#crime,#lawyer
#london,#speakerscorner
#christianconcern,#london
#hatuntash,#london
#christianconcern,#speakerscorner
#hatuntash,#speakerscorner
#christianconcern,#hatuntash
#drug,#stopandsearch
#crackdown,#stopandsearch
#middleclass,#stopandsearch
#crackdown,#drug
#drug,#middleclass
#crackdown,#middleclass
#charliehebdo,#terror
#charliehebdo,#london
#charliehebdo,#uk
#london,#terror
#terror,#uk
#london,#uk
#hatuntash,#stabbing
#hatuntash,#speakerscorner
#acts17apologetics,#hatuntash
#davidwood,#hatuntash
#hatuntash,#londo
#speakerscorner,#stabbing
#acts17apologetics,#stabbing
#davidwood,#stabbing
#londo,#stabbing
#acts17apologetics,#speakerscorner
#davidwood,#speakerscorner
#londo,#speakerscorner
#acts17apologetics,#davidwood
#acts17apologetics,#londo
#davidwood,#londo
#hatuntash,#stabbing
#hatuntash,#speakerscorner
#acts17apologetics,#hatuntash
#davidwood,#hatuntash
#speakerscorner,#stabbing
#acts17apologetics,#stabbing
#davidwood,#stabbing
#acts17apologetics,#speakerscorner
#davidwood,#speakerscorner
#acts17apologetics,#davidwood
#london,#stabbing
#enoughisenough,#stabbing
#stabbing,#stop
#enoughisenough,#london
#london,#stop
#enoughisenough,#stop
#stabbing,#tube
#london,#stabbing
#brixton,#stabbing
#london,#tube
#brixton,#tube
#brixton,#london
#london,#stabbing
#brixton,#stabbing
#brixton,#london
#bexley,#stabbing
